filename,category,delivery_date
img_00130.jpg,real,2026-12-31
img_00124.jpg,real,2026-12-31
img_00118.jpg,real,2026-12-31
img_00497.jpg,real,2026-12-31
img_00483.jpg,real,2026-12-31
img_00332.jpg,real,2026-12-31
img_00454.jpg,real,2026-12-31
img_00440.jpg,real,2026-12-31
img_00326.jpg,real,2026-12-31
img_00468.jpg,real,2026-12-31
img_00285.jpg,real,2026-12-31
img_00291.jpg,real,2026-12-31
img_00246.jpg,real,2026-12-31
img_00252.jpg,real,2026-12-31
img_00508.jpg,real,2026-12-31
img_00087.jpg,real,2026-12-31
img_00093.jpg,real,2026-12-31
img_00044.jpg,real,2026-12-31
img_00050.jpg,real,2026-12-31
img_00078.jpg,real,2026-12-31
ai_03.jpeg,real,2026-12-31
img_00079.jpg,real,2026-12-31
img_00051.jpg,real,2026-12-31
img_00045.jpg,real,2026-12-31
img_00092.jpg,real,2026-12-31
img_00086.jpg,real,2026-12-31
img_00509.jpg,real,2026-12-31
img_00253.jpg,real,2026-12-31
img_00247.jpg,real,2026-12-31
img_00290.jpg,real,2026-12-31
img_00284.jpg,real,2026-12-31
img_00469.jpg,real,2026-12-31
img_00441.jpg,real,2026-12-31
img_00327.jpg,real,2026-12-31
img_00333.jpg,real,2026-12-31
img_00455.jpg,real,2026-12-31
edited_06 2.jpeg,real,2026-12-31
img_00482.jpg,real,2026-12-31
img_00496.jpg,real,2026-12-31
img_00119.jpg,real,2026-12-31
img_00125.jpg,real,2026-12-31
img_00131.jpg,real,2026-12-31
img_00127.jpg,real,2026-12-31
img_00133.jpg,real,2026-12-31
img_00480.jpg,real,2026-12-31
img_00494.jpg,real,2026-12-31
img_00325.jpg,real,2026-12-31
img_00443.jpg,real,2026-12-31
img_00457.jpg,real,2026-12-31
img_00331.jpg,real,2026-12-31
img_00319.jpg,real,2026-12-31
img_00292.jpg,real,2026-12-31
img_00286.jpg,real,2026-12-31
img_00251.jpg,real,2026-12-31
img_00245.jpg,real,2026-12-31
img_00279.jpg,real,2026-12-31
img_00090.jpg,real,2026-12-31
img_00084.jpg,real,2026-12-31
img_00053.jpg,real,2026-12-31
img_00047.jpg,real,2026-12-31
img_00046.jpg,real,2026-12-31
img_00052.jpg,real,2026-12-31
img_00085.jpg,real,2026-12-31
img_00091.jpg,real,2026-12-31
img_00278.jpg,real,2026-12-31
img_00244.jpg,real,2026-12-31
img_00250.jpg,real,2026-12-31
ai_02 2.jpeg,real,2026-12-31
img_00287.jpg,real,2026-12-31
img_00293.jpg,real,2026-12-31
img_00318.jpg,real,2026-12-31
img_00456.jpg,real,2026-12-31
img_00330.jpg,real,2026-12-31
img_00324.jpg,real,2026-12-31
img_00442.jpg,real,2026-12-31
img_00495.jpg,real,2026-12-31
img_00481.jpg,real,2026-12-31
img_00132.jpg,real,2026-12-31
img_00126.jpg,real,2026-12-31
img_00122.jpg,real,2026-12-31
img_00136.jpg,real,2026-12-31
img_00485.jpg,real,2026-12-31
img_00491.jpg,real,2026-12-31
img_00308.jpg,real,2026-12-31
img_00446.jpg,real,2026-12-31
img_00320.jpg,real,2026-12-31
img_00334.jpg,real,2026-12-31
img_00452.jpg,real,2026-12-31
img_00297.jpg,real,2026-12-31
img_00283.jpg,real,2026-12-31
img_00268.jpg,real,2026-12-31
img_00254.jpg,real,2026-12-31
img_00240.jpg,real,2026-12-31
img_00095.jpg,real,2026-12-31
img_00081.jpg,real,2026-12-31
img_00056.jpg,real,2026-12-31
img_00042.jpg,real,2026-12-31
img_00043.jpg,real,2026-12-31
img_00057.jpg,real,2026-12-31
img_00080.jpg,real,2026-12-31
img_00094.jpg,real,2026-12-31
img_00241.jpg,real,2026-12-31
img_00255.jpg,real,2026-12-31
img_00269.jpg,real,2026-12-31
img_00282.jpg,real,2026-12-31
img_00296.jpg,real,2026-12-31
img_00335.jpg,real,2026-12-31
img_00453.jpg,real,2026-12-31
img_00447.jpg,real,2026-12-31
img_00321.jpg,real,2026-12-31
img_00309.jpg,real,2026-12-31
img_00490.jpg,real,2026-12-31
img_00484.jpg,real,2026-12-31
img_00137.jpg,real,2026-12-31
img_00123.jpg,real,2026-12-31
edited_01.jpeg,real,2026-12-31
img_00109.jpg,real,2026-12-31
img_00135.jpg,real,2026-12-31
img_00121.jpg,real,2026-12-31
img_00492.jpg,real,2026-12-31
img_00486.jpg,real,2026-12-31
img_00479.jpg,real,2026-12-31
img_00451.jpg,real,2026-12-31
img_00337.jpg,real,2026-12-31
img_00323.jpg,real,2026-12-31
img_00445.jpg,real,2026-12-31
img_00280.jpg,real,2026-12-31
img_00294.jpg,real,2026-12-31
img_00243.jpg,real,2026-12-31
img_00257.jpg,real,2026-12-31
img_00082.jpg,real,2026-12-31
img_00096.jpg,real,2026-12-31
ai_02.jpeg,real,2026-12-31
img_00069.jpg,real,2026-12-31
img_00041.jpg,real,2026-12-31
img_00055.jpg,real,2026-12-31
img_00054.jpg,real,2026-12-31
img_00040.jpg,real,2026-12-31
img_00068.jpg,real,2026-12-31
img_00097.jpg,real,2026-12-31
img_00083.jpg,real,2026-12-31
img_00256.jpg,real,2026-12-31
img_00242.jpg,real,2026-12-31
img_00295.jpg,real,2026-12-31
img_00281.jpg,real,2026-12-31
img_00322.jpg,real,2026-12-31
img_00444.jpg,real,2026-12-31
img_00450.jpg,real,2026-12-31
img_00336.jpg,real,2026-12-31
img_00478.jpg,real,2026-12-31
img_00487.jpg,real,2026-12-31
img_00493.jpg,real,2026-12-31
img_00120.jpg,real,2026-12-31
img_00134.jpg,real,2026-12-31
img_00108.jpg,real,2026-12-31
img_00190.jpg,real,2026-12-31
img_00184.jpg,real,2026-12-31
img_00153.jpg,real,2026-12-31
img_00147.jpg,real,2026-12-31
img_00392.jpg,real,2026-12-31
img_00386.jpg,real,2026-12-31
img_00437.jpg,real,2026-12-31
img_00351.jpg,real,2026-12-31
img_00345.jpg,real,2026-12-31
img_00423.jpg,real,2026-12-31
img_00379.jpg,real,2026-12-31
img_00225.jpg,real,2026-12-31
img_00231.jpg,real,2026-12-31
img_00219.jpg,real,2026-12-31
img_00027.jpg,real,2026-12-31
img_00033.jpg,real,2026-12-31
img_00032.jpg,real,2026-12-31
img_00026.jpg,real,2026-12-31
img_00218.jpg,real,2026-12-31
img_00230.jpg,real,2026-12-31
img_00224.jpg,real,2026-12-31
img_00378.jpg,real,2026-12-31
img_00344.jpg,real,2026-12-31
img_00422.jpg,real,2026-12-31
img_00436.jpg,real,2026-12-31
img_00350.jpg,real,2026-12-31
img_00387.jpg,real,2026-12-31
img_00393.jpg,real,2026-12-31
img_00146.jpg,real,2026-12-31
img_00152.jpg,real,2026-12-31
img_00185.jpg,real,2026-12-31
img_00191.jpg,real,2026-12-31
img_00187.jpg,real,2026-12-31
img_00193.jpg,real,2026-12-31
img_00144.jpg,real,2026-12-31
img_00150.jpg,real,2026-12-31
test_img.png,real,2026-12-31
img_00178.jpg,real,2026-12-31
img_00385.jpg,real,2026-12-31
img_00391.jpg,real,2026-12-31
img_00420.jpg,real,2026-12-31
img_00346.jpg,real,2026-12-31
img_00352.jpg,real,2026-12-31
img_00434.jpg,real,2026-12-31
img_00408.jpg,real,2026-12-31
img_00232.jpg,real,2026-12-31
img_00226.jpg,real,2026-12-31
img_00030.jpg,real,2026-12-31
img_00024.jpg,real,2026-12-31
img_00018.jpg,real,2026-12-31
img_00019.jpg,real,2026-12-31
img_00025.jpg,real,2026-12-31
img_00031.jpg,real,2026-12-31
img_00227.jpg,real,2026-12-31
img_00233.jpg,real,2026-12-31
img_00409.jpg,real,2026-12-31
img_00353.jpg,real,2026-12-31
img_00435.jpg,real,2026-12-31
img_00421.jpg,real,2026-12-31
img_00347.jpg,real,2026-12-31
img_00390.jpg,real,2026-12-31
img_00384.jpg,real,2026-12-31
img_00179.jpg,real,2026-12-31
img_00151.jpg,real,2026-12-31
img_00145.jpg,real,2026-12-31
edited_06.jpeg,real,2026-12-31
img_00192.jpg,real,2026-12-31
img_00186.jpg,real,2026-12-31
edited_02 2.jpeg,real,2026-12-31
img_00182.jpg,real,2026-12-31
img_00196.jpg,real,2026-12-31
img_00169.jpg,real,2026-12-31
img_00141.jpg,real,2026-12-31
img_00155.jpg,real,2026-12-31
img_00380.jpg,real,2026-12-31
img_00394.jpg,real,2026-12-31
img_00419.jpg,real,2026-12-31
img_00343.jpg,real,2026-12-31
img_00425.jpg,real,2026-12-31
img_00431.jpg,real,2026-12-31
img_00357.jpg,real,2026-12-31
img_00237.jpg,real,2026-12-31
img_00223.jpg,real,2026-12-31
img_00009.jpg,real,2026-12-31
img_00035.jpg,real,2026-12-31
img_00021.jpg,real,2026-12-31
img_00020.jpg,real,2026-12-31
img_00034.jpg,real,2026-12-31
img_00008.jpg,real,2026-12-31
img_00222.jpg,real,2026-12-31
img_00236.jpg,real,2026-12-31
img_00430.jpg,real,2026-12-31
img_00356.jpg,real,2026-12-31
img_00342.jpg,real,2026-12-31
img_00424.jpg,real,2026-12-31
img_00418.jpg,real,2026-12-31
img_00395.jpg,real,2026-12-31
img_00381.jpg,real,2026-12-31
img_00154.jpg,real,2026-12-31
img_00140.jpg,real,2026-12-31
img_00168.jpg,real,2026-12-31
img_00197.jpg,real,2026-12-31
img_00183.jpg,real,2026-12-31
img_00195.jpg,real,2026-12-31
img_00181.jpg,real,2026-12-31
img_00156.jpg,real,2026-12-31
img_00142.jpg,real,2026-12-31
img_00397.jpg,real,2026-12-31
img_00383.jpg,real,2026-12-31
img_00368.jpg,real,2026-12-31
img_00354.jpg,real,2026-12-31
img_00432.jpg,real,2026-12-31
img_00426.jpg,real,2026-12-31
img_00340.jpg,real,2026-12-31
img_00208.jpg,real,2026-12-31
img_00220.jpg,real,2026-12-31
img_00234.jpg,real,2026-12-31
img_00022.jpg,real,2026-12-31
img_00036.jpg,real,2026-12-31
img_00037.jpg,real,2026-12-31
img_00023.jpg,real,2026-12-31
img_00235.jpg,real,2026-12-31
img_00221.jpg,real,2026-12-31
img_00209.jpg,real,2026-12-31
img_00427.jpg,real,2026-12-31
img_00341.jpg,real,2026-12-31
img_00355.jpg,real,2026-12-31
img_00433.jpg,real,2026-12-31
img_00369.jpg,real,2026-12-31
img_00382.jpg,real,2026-12-31
img_00396.jpg,real,2026-12-31
img_00143.jpg,real,2026-12-31
img_00157.jpg,real,2026-12-31
img_00180.jpg,real,2026-12-31
img_00194.jpg,real,2026-12-31
ai_03 2.jpeg,real,2026-12-31
img_00199.jpg,real,2026-12-31
img_00172.jpg,real,2026-12-31
img_00166.jpg,real,2026-12-31
img_00416.jpg,real,2026-12-31
img_00370.jpg,real,2026-12-31
img_00364.jpg,real,2026-12-31
img_00402.jpg,real,2026-12-31
img_00358.jpg,real,2026-12-31
img_00204.jpg,real,2026-12-31
img_00210.jpg,real,2026-12-31
img_00238.jpg,real,2026-12-31
img_00006.jpg,real,2026-12-31
img_00012.jpg,real,2026-12-31
img_00013.jpg,real,2026-12-31
img_00007.jpg,real,2026-12-31
img_00239.jpg,real,2026-12-31
img_00211.jpg,real,2026-12-31
img_00205.jpg,real,2026-12-31
img_00359.jpg,real,2026-12-31
img_00365.jpg,real,2026-12-31
img_00403.jpg,real,2026-12-31
img_00417.jpg,real,2026-12-31
img_00371.jpg,real,2026-12-31
img_00167.jpg,real,2026-12-31
img_00173.jpg,real,2026-12-31
img_00198.jpg,real,2026-12-31
img_00165.jpg,real,2026-12-31
img_00171.jpg,real,2026-12-31
img_00159.jpg,real,2026-12-31
img_00398.jpg,real,2026-12-31
img_00401.jpg,real,2026-12-31
img_00367.jpg,real,2026-12-31
img_00373.jpg,real,2026-12-31
img_00415.jpg,real,2026-12-31
img_00429.jpg,real,2026-12-31
WhatsApp Image 2026-02-27 at 22.54.23.jpeg,real,2026-12-31
img_00213.jpg,real,2026-12-31
img_00207.jpg,real,2026-12-31
img_00011.jpg,real,2026-12-31
img_00005.jpg,real,2026-12-31
img_00039.jpg,real,2026-12-31
img_00038.jpg,real,2026-12-31
img_00004.jpg,real,2026-12-31
img_00010.jpg,real,2026-12-31
img_00206.jpg,real,2026-12-31
img_00212.jpg,real,2026-12-31
img_00428.jpg,real,2026-12-31
img_00372.jpg,real,2026-12-31
img_00414.jpg,real,2026-12-31
img_00400.jpg,real,2026-12-31
img_00366.jpg,real,2026-12-31
img_00399.jpg,real,2026-12-31
img_00158.jpg,real,2026-12-31
img_00170.jpg,real,2026-12-31
img_00164.jpg,real,2026-12-31
img_00148.jpg,real,2026-12-31
img_00160.jpg,real,2026-12-31
img_00174.jpg,real,2026-12-31
img_00389.jpg,real,2026-12-31
img_00438.jpg,real,2026-12-31
img_00362.jpg,real,2026-12-31
img_00404.jpg,real,2026-12-31
img_00410.jpg,real,2026-12-31
img_00376.jpg,real,2026-12-31
img_00216.jpg,real,2026-12-31
img_00202.jpg,real,2026-12-31
img_00028.jpg,real,2026-12-31
img_00014.jpg,real,2026-12-31
img_00001.jpg,real,2026-12-31
img_00015.jpg,real,2026-12-31
img_00029.jpg,real,2026-12-31
img_00203.jpg,real,2026-12-31
img_00217.jpg,real,2026-12-31
img_00411.jpg,real,2026-12-31
img_00377.jpg,real,2026-12-31
img_00363.jpg,real,2026-12-31
img_00405.jpg,real,2026-12-31
img_00439.jpg,real,2026-12-31
img_00388.jpg,real,2026-12-31
img_00175.jpg,real,2026-12-31
img_00161.jpg,real,2026-12-31
img_00149.jpg,real,2026-12-31
img_00188.jpg,real,2026-12-31
img_00177.jpg,real,2026-12-31
img_00163.jpg,real,2026-12-31
img_00349.jpg,real,2026-12-31
img_00375.jpg,real,2026-12-31
img_00413.jpg,real,2026-12-31
img_00407.jpg,real,2026-12-31
img_00361.jpg,real,2026-12-31
img_00229.jpg,real,2026-12-31
img_00201.jpg,real,2026-12-31
img_00215.jpg,real,2026-12-31
img_00003.jpg,real,2026-12-31
img_00017.jpg,real,2026-12-31
img_00016.jpg,real,2026-12-31
img_00002.jpg,real,2026-12-31
img_00214.jpg,real,2026-12-31
img_00200.jpg,real,2026-12-31
img_00228.jpg,real,2026-12-31
img_00406.jpg,real,2026-12-31
img_00360.jpg,real,2026-12-31
img_00374.jpg,real,2026-12-31
img_00412.jpg,real,2026-12-31
img_00348.jpg,real,2026-12-31
img_00162.jpg,real,2026-12-31
img_00176.jpg,real,2026-12-31
img_00189.jpg,real,2026-12-31
edited_02.jpeg,real,2026-12-31
img_00111.jpg,real,2026-12-31
img_00105.jpg,real,2026-12-31
img_00139.jpg,real,2026-12-31
img_00313.jpg,real,2026-12-31
img_00475.jpg,real,2026-12-31
img_00461.jpg,real,2026-12-31
img_00307.jpg,real,2026-12-31
img_00449.jpg,real,2026-12-31
img_00298.jpg,real,2026-12-31
img_00267.jpg,real,2026-12-31
img_00501.jpg,real,2026-12-31
img_00273.jpg,real,2026-12-31
img_00065.jpg,real,2026-12-31
img_00071.jpg,real,2026-12-31
img_00059.jpg,real,2026-12-31
img_00058.jpg,real,2026-12-31
img_00070.jpg,real,2026-12-31
img_00064.jpg,real,2026-12-31
img_00272.jpg,real,2026-12-31
img_00266.jpg,real,2026-12-31
img_00500.jpg,real,2026-12-31
img_00299.jpg,real,2026-12-31
img_00448.jpg,real,2026-12-31
img_00460.jpg,real,2026-12-31
img_00306.jpg,real,2026-12-31
img_00312.jpg,real,2026-12-31
img_00474.jpg,real,2026-12-31
edited_01 2.jpeg,real,2026-12-31
img_00138.jpg,real,2026-12-31
img_00104.jpg,real,2026-12-31
img_00110.jpg,real,2026-12-31
img_00106.jpg,real,2026-12-31
img_00112.jpg,real,2026-12-31
img_00489.jpg,real,2026-12-31
img_00304.jpg,real,2026-12-31
img_00462.jpg,real,2026-12-31
img_00476.jpg,real,2026-12-31
img_00310.jpg,real,2026-12-31
img_00338.jpg,real,2026-12-31
WhatsApp Image 2026-02-27 at 15.02.19 2.jpeg,real,2026-12-31
img_00270.jpg,real,2026-12-31
img_00502.jpg,real,2026-12-31
img_00264.jpg,real,2026-12-31
img_00258.jpg,real,2026-12-31
img_00099.jpg,real,2026-12-31
img_00072.jpg,real,2026-12-31
img_00066.jpg,real,2026-12-31
img_00067.jpg,real,2026-12-31
img_00073.jpg,real,2026-12-31
img_00098.jpg,real,2026-12-31
img_00259.jpg,real,2026-12-31
img_00503.jpg,real,2026-12-31
img_00265.jpg,real,2026-12-31
img_00271.jpg,real,2026-12-31
img_00339.jpg,real,2026-12-31
img_00477.jpg,real,2026-12-31
img_00311.jpg,real,2026-12-31
img_00305.jpg,real,2026-12-31
img_00463.jpg,real,2026-12-31
img_00488.jpg,real,2026-12-31
img_00113.jpg,real,2026-12-31
img_00107.jpg,real,2026-12-31
img_00103.jpg,real,2026-12-31
img_00117.jpg,real,2026-12-31
img_00498.jpg,real,2026-12-31
img_00329.jpg,real,2026-12-31
img_00467.jpg,real,2026-12-31
img_00301.jpg,real,2026-12-31
img_00315.jpg,real,2026-12-31
img_00473.jpg,real,2026-12-31
WhatsApp Image 2026-02-27 at 15.02.19.jpeg,real,2026-12-31
img_00249.jpg,real,2026-12-31
img_00275.jpg,real,2026-12-31
img_00261.jpg,real,2026-12-31
img_00507.jpg,real,2026-12-31
img_00088.jpg,real,2026-12-31
img_00077.jpg,real,2026-12-31
img_00063.jpg,real,2026-12-31
img_00062.jpg,real,2026-12-31
img_00076.jpg,real,2026-12-31
img_00089.jpg,real,2026-12-31
img_00260.jpg,real,2026-12-31
img_00506.jpg,real,2026-12-31
img_00274.jpg,real,2026-12-31
img_00248.jpg,real,2026-12-31
img_00314.jpg,real,2026-12-31
img_00472.jpg,real,2026-12-31
img_00466.jpg,real,2026-12-31
img_00300.jpg,real,2026-12-31
img_00328.jpg,real,2026-12-31
img_00499.jpg,real,2026-12-31
img_00116.jpg,real,2026-12-31
img_00102.jpg,real,2026-12-31
WhatsApp Image 2026-02-27 at 22.54.23 2.jpeg,real,2026-12-31
img_00128.jpg,real,2026-12-31
img_00114.jpg,real,2026-12-31
img_00100.jpg,real,2026-12-31
img_00458.jpg,real,2026-12-31
img_00470.jpg,real,2026-12-31
img_00316.jpg,real,2026-12-31
img_00302.jpg,real,2026-12-31
img_00464.jpg,real,2026-12-31
img_00289.jpg,real,2026-12-31
img_00504.jpg,real,2026-12-31
img_00262.jpg,real,2026-12-31
img_00276.jpg,real,2026-12-31
img_00510.jpg,real,2026-12-31
img_00048.jpg,real,2026-12-31
img_00060.jpg,real,2026-12-31
img_00074.jpg,real,2026-12-31
img_00075.jpg,real,2026-12-31
img_00061.jpg,real,2026-12-31
img_00049.jpg,real,2026-12-31
img_00277.jpg,real,2026-12-31
img_00505.jpg,real,2026-12-31
img_00263.jpg,real,2026-12-31
img_00288.jpg,real,2026-12-31
img_00303.jpg,real,2026-12-31
img_00465.jpg,real,2026-12-31
img_00471.jpg,real,2026-12-31
img_00317.jpg,real,2026-12-31
img_00459.jpg,real,2026-12-31
img_00101.jpg,real,2026-12-31
img_00115.jpg,real,2026-12-31
img_00129.jpg,real,2026-12-31
